time,V_ai0,V_ai1
0,7.67316822652621,5.08064028528024
0.03,7.68335027578577,5.07045801062341
0.06,7.67825925115599,5.09082255993707
0.09,7.67316822652621,5.07554914795183
0.12,7.67825925115599,5.07300357928762
0.15,7.66553168958154,5.03482004932452
0.18,7.67316822652621,5.08064028528024
0.21,7.64516759106241,5.03482004932452
0.24,7.67825925115599,5.03991118665294
0.27,7.6757137388411,5.01700106867508
0.3,7.66807720189643,5.03227448066032
0.33,7.67316822652621,5.03736561798873
0.36,7.67825925115599,5.03227448066032
0.39,7.67825925115599,5.03736561798873
0.42,7.65534964032197,5.02972891199612
0.45,7.67316822652621,5.02209220600349
0.48,7.6757137388411,5.01700106867508
0.51,7.67825925115599,5.0246377746677
0.54,7.66044066495175,5.01954663733929
0.57,7.6757137388411,5.03482004932452
0.6,7.66553168958154,5.02209220600349
0.63,7.68589578810066,5.02972891199612
0.66,7.67825925115599,5.01954663733929
0.69,7.67825925115599,5.03482004932452
0.72,7.67825925115599,5.0246377746677
0.75,7.68080476347088,5.04245675531715
0.78,7.67316822652621,5.0246377746677
0.81,7.67825925115599,5.04245675531715
0.84,7.6757137388411,5.00681879401826
0.87,7.68080476347088,5.03482004932452
0.9,7.6757137388411,4.99663651936143
0.93,7.68844130041556,5.02718334333191
0.96,7.68080476347088,5.06027573596659
0.99,7.67062271421132,5.01190993134667
1.02,7.68589578810066,5.03227448066032
1.05,7.68080476347088,5.03482004932452
1.08,7.66553168958154,4.99154538203302
1.11,7.68589578810066,5.01954663733929
1.14,7.66298617726664,5.00936436268246
1.17,7.67316822652621,5.01954663733929
1.2,7.66807720189643,5.01190993134667
1.23,7.67062271421132,5.01700106867508
1.26,7.68080476347088,5.01190993134667
1.29,7.68844130041556,5.00936436268246
1.32,7.69353232504534,5.01954663733929
1.35,7.68844130041556,5.01445550001088
1.38,7.68335027578577,4.98136310737619
1.41,7.68589578810066,4.99663651936143
1.44,7.68844130041556,4.99409095069723
1.47,7.70116886199002,5.06282130463079
1.5,7.69607783736023,5.0246377746677
1.53,7.68589578810066,4.99663651936143
1.56,7.69353232504534,5.05009346130976
1.59,7.68844130041556,5.06282130463079
1.62,7.68589578810066,4.99918208802563
1.65,7.70371437430491,5.05773016730238
1.68,7.70116886199002,5.03227448066032
1.71,7.69607783736023,5.06282130463079
1.74,7.68844130041556,5.03227448066032
1.77,7.70116886199002,5.06791244195921
1.8,7.69353232504534,5.01445550001088
1.83,7.69862334967512,4.97118083271937
1.86,7.69353232504534,5.01190993134667
1.89,7.70116886199002,5.01700106867508
1.92,7.71389642356447,5.01190993134667
1.95,7.70116886199002,5.06282130463079
1.98,7.69353232504534,5.06282130463079
2.01,7.70116886199002,5.06791244195921
2.04,7.70880539893469,5.06282130463079
2.07,7.69353232504534,5.065366873295
2.1,7.69098681273045,5.06282130463079
2.13,7.69862334967512,5.07045801062341
2.16,7.71135091124958,5.07809471661604
2.19,7.71389642356447,5.07809471661604
2.22,7.69607783736023,5.07554914795183
2.25,7.71898744819425,5.08573142260865
2.28,7.70880539893469,5.1060959719223
2.31,7.70880539893469,5.07809471661604
2.34,7.71135091124958,5.02972891199612
2.37,7.72153296050914,5.07045801062341
2.4,7.71898744819425,5.02209220600349
2.43,7.72407847282404,5.08064028528024
2.46,7.73680603439849,5.07300357928762
2.49,7.72662398513893,5.07300357928762
2.52,7.7342605220836,5.01700106867508
2.55,7.71898744819425,5.06791244195921
2.58,7.73935154671338,5.08318585394444
2.61,7.72407847282404,5.01954663733929
2.64,7.72407847282404,5.0246377746677
2.67,7.72916949745381,5.02972891199612
2.7,7.73680603439849,5.02718334333191
2.73,7.73171500976871,5.01445550001088
2.76,7.73171500976871,5.07300357928762
2.79,7.72916949745381,5.03482004932452
2.82,7.75462462060273,5.03736561798873
2.85,7.74953359597295,5.09591369726548
2.88,7.74444257134317,5.02972891199612
2.91,7.74698808365806,5.08573142260865
2.94,7.73680603439849,5.03482004932452
2.97,7.7622611575474,5.09591369726548
3,7.75462462060273,5.09591369726548
3.03,7.75717013291762,5.08573142260865
3.06,7.76480666986229,5.08318585394444
3.09,7.75717013291762,5.07554914795183
3.12,7.7622611575474,5.08318585394444
3.15,7.76989769449208,5.08827699127286
3.18,7.77498871912186,5.11118710925071
3.21,7.77244320680697,5.03736561798873
3.24,7.77498871912186,5.07300357928762
3.27,7.76735218217719,5.06027573596659
3.3,7.78517076838142,5.06791244195921
3.33,7.78517076838142,5.07809471661604
3.36,7.78007974375165,5.04245675531715
3.39,7.7928073053261,5.00681879401826
3.42,7.78517076838142,5.06282130463079
3.45,7.78517076838142,5.05263902997397
3.48,7.80044384227077,5.01445550001088
3.51,7.78771628069632,5.07045801062341
3.54,7.79789832995588,5.08318585394444
3.57,7.79535281764099,5.06791244195921
3.6,7.7928073053261,5.10100483459389
3.63,7.79789832995588,5.09591369726548
3.66,7.78517076838142,5.08827699127286
3.69,7.80044384227077,5.08573142260865
3.72,7.81062589153034,5.03227448066032
3.75,7.80808037921545,5.02972891199612
3.78,7.8208079407899,5.0246377746677
3.81,7.82589896541969,5.0246377746677
3.84,7.8208079407899,5.02718334333191
3.87,7.82844447773457,5.02718334333191
3.9,7.82589896541969,5.02718334333191
3.93,7.81062589153034,5.0246377746677
3.96,7.83098999004947,5.02718334333191
3.99,7.83608101467925,5.02718334333191
4.02,7.83353550236436,5.02209220600349
4.05,7.83098999004947,5.03227448066032
4.08,7.83608101467925,5.02718334333191
4.11,7.82589896541969,5.05009346130976
4.14,7.83862652699414,5.03736561798873
4.17,7.83353550236436,5.03991118665294
4.2,7.83608101467925,5.02718334333191
4.23,7.84117203930903,4.99154538203302
4.26,7.84371755162393,5.01954663733929
4.29,7.85899062551328,5.01445550001088
4.32,7.86153613782816,5.04754789264556
4.35,7.83608101467925,5.03227448066032
4.38,7.8513540885686,5.03482004932452
4.41,7.86662716245795,5.04245675531715
4.44,7.89717331023664,5.01700106867508
4.47,7.85389960088349,5.02972891199612
4.5,7.87680921171751,5.02718334333191
4.53,7.89462779792175,5.0246377746677
4.56,7.8819002363473,5.0246377746677
4.59,7.85899062551328,5.02209220600349
4.62,7.86917267477284,5.01954663733929
4.65,7.87935472403241,5.02209220600349
4.68,7.8819002363473,5.02972891199612
4.71,7.89717331023664,5.02718334333191
4.74,7.90226433486643,5.01190993134667
4.77,7.9073553594962,5.06791244195921
4.8,7.90226433486643,5.03736561798873
4.83,7.90226433486643,5.03736561798873
4.86,7.88953677329197,5.03482004932452
4.89,7.89971882255153,5.03482004932452
4.92,7.94044701958979,5.03227448066032
4.95,7.91753740875577,5.03991118665294
4.98,7.9073553594962,5.04500232398135
5.01,7.91753740875577,5.03736561798873
5.04,7.9073553594962,5.03482004932452
5.07,7.91499189644088,5.02972891199612
5.1,7.92517394570045,5.08064028528024
5.13,7.94044701958979,5.04754789264556
5.16,7.93281048264512,5.03482004932452
5.19,7.91753740875577,5.01954663733929
5.22,7.92008292107066,5.0246377746677
5.25,7.94299253190468,5.04500232398135
5.28,7.94553804421958,5.06027573596659
5.31,7.94299253190468,5.04245675531715
5.34,7.94299253190468,5.01954663733929
5.37,7.95317458116425,5.02718334333191
5.4,7.94299253190468,5.03227448066032
5.43,7.94808355653447,5.03991118665294
5.46,7.94299253190468,4.9864542447046
5.49,7.94808355653447,5.01954663733929
5.52,7.94808355653447,5.02718334333191
5.55,7.94553804421958,5.03482004932452
5.58,7.96335663042381,5.02209220600349
5.61,7.97608419199827,5.02718334333191
5.64,7.99899380283229,5.09336812860127
5.67,7.95572009347914,5.03227448066032
5.7,7.96335663042381,5.03736561798873
5.73,7.97862970431316,5.04754789264556
5.76,7.95826560579404,5.04245675531715
5.79,7.97099316736849,5.04500232398135
5.82,7.9684476550536,5.04245675531715
5.85,7.98626624125784,5.02972891199612
5.88,7.99135726588762,5.03482004932452
5.91,8.02444892598121,5.04245675531715
5.94,7.99135726588762,5.03736561798873
5.97,7.98117521662806,5.03227448066032
6,7.97353867968338,5.04245675531715
6.03,8.01935790135142,5.03482004932452
6.06,8.00153931514719,5.05009346130976
6.09,7.99135726588762,5.06282130463079
6.12,8.01426687672164,5.0246377746677
6.15,8.00663033977697,5.03227448066032
6.18,8.00917585209186,5.04500232398135
6.21,8.01426687672164,5.04500232398135
6.24,8.00408482746208,5.03482004932452
6.27,7.98626624125784,5.03991118665294
6.3,8.02444892598121,5.02972891199612
6.33,8.02190341366632,5.01954663733929
6.36,8.01935790135142,5.07300357928762
6.39,8.0269944382961,5.04754789264556
6.42,8.02953995061099,5.10100483459389
6.45,8.03463097524077,5.04245675531715
6.48,8.03717648755567,5.13918836455699
6.51,8.02444892598121,5.04245675531715
6.54,8.04226751218544,5.07300357928762
6.57,8.04481302450034,5.08827699127286
6.6,8.04226751218544,5.08318585394444
6.63,8.04990404913012,5.08318585394444
6.66,8.0549950737599,5.07554914795183
6.69,8.06008609838969,5.11118710925071
6.72,8.0575405860748,5.05518459863818
6.75,8.06772263533436,5.06282130463079
6.78,8.08808673385349,5.05518459863818
6.81,8.06263161070457,5.09336812860127
6.84,8.06008609838969,5.05009346130976
6.87,8.0549950737599,5.08827699127286
6.9,8.06772263533436,5.13664279589278
6.93,8.08045019690882,5.02209220600349
6.96,8.06517712301947,5.09845926592968
6.99,8.07281365996414,5.04245675531715
7.02,8.08808673385349,5.10864154058651
7.05,8.09063224616838,5.05263902997397
7.08,8.08808673385349,5.03991118665294
7.11,8.09317775848328,5.10100483459389
7.14,8.09063224616838,5.04500232398135
7.17,8.09826878311305,5.065366873295
7.2,8.08045019690882,5.04754789264556
7.23,8.07535917227903,5.05518459863818
7.26,8.09572327079816,5.05009346130976
7.29,8.08045019690882,5.06027573596659
7.32,8.1160873693173,5.07300357928762
7.35,8.11099634468751,5.04500232398135
7.38,8.10335980774284,5.05263902997397
7.41,8.11099634468751,5.07045801062341
7.44,8.11863288163218,5.01445550001088
7.47,8.1160873693173,5.01954663733929
7.5,8.11099634468751,5.02972891199612
7.53,8.12117839394708,5.03736561798873
7.56,8.12117839394708,5.04245675531715
7.59,8.12372390626197,5.03991118665294
7.62,8.12372390626197,5.06282130463079
7.65,8.09572327079816,5.05773016730238
7.68,8.12626941857686,5.07300357928762
7.71,8.12881493089175,5.04500232398135
7.74,8.13645146783643,5.04754789264556
7.77,8.1440880047811,5.02972891199612
7.8,8.1415424924662,5.03991118665294
7.83,8.13136044320664,5.03991118665294
7.86,8.15172454172577,5.03736561798873
7.89,8.15681556635556,5.03736561798873
7.92,8.17972517718958,5.02718334333191
7.95,8.18481620181936,5.05009346130976
7.98,8.14917902941088,5.03736561798873
8.01,8.15427005404066,5.03227448066032
8.04,8.15427005404066,5.03991118665294
8.07,8.15681556635556,5.01445550001088
8.1,8.15681556635556,5.02209220600349
8.13,8.15681556635556,4.99918208802563
8.16,8.15427005404066,5.03736561798873
8.19,8.15681556635556,5.02972891199612
8.22,8.18227068950447,5.03736561798873
8.25,8.18227068950447,5.03736561798873
8.28,8.1720886402449,5.03736561798873
8.31,8.16954312793001,5.03227448066032
8.34,8.1720886402449,5.02972891199612
8.37,8.21281683728316,5.02718334333191
8.4,8.1415424924662,5.03736561798873
8.43,8.1415424924662,5.02718334333191
8.46,8.18227068950447,5.03482004932452
8.49,8.18481620181936,5.03482004932452
8.52,8.18736171413425,5.04500232398135
8.55,8.17972517718958,5.02972891199612
8.58,8.17972517718958,5.03991118665294
8.61,8.17972517718958,5.02209220600349
8.64,8.17972517718958,5.03991118665294
8.67,8.18736171413425,5.03482004932452
8.7,8.19754376339381,5.04500232398135
8.73,8.18736171413425,5.03991118665294
8.76,8.18736171413425,5.0246377746677
8.79,8.18227068950447,5.03482004932452
8.82,8.19754376339381,4.99918208802563
8.85,8.18990722644914,4.99918208802563
8.88,8.20518030033849,4.99663651936143
8.91,8.20772581265338,5.02209220600349
8.94,8.17972517718958,5.01700106867508
8.97,8.20008927570871,5.02718334333191
9,8.19499825107892,5.01700106867508
9.03,8.19245273876404,5.01445550001088
9.06,8.16190659098534,5.01190993134667
9.09,8.20772581265338,5.03227448066032
9.12,8.21027132496827,5.02209220600349
9.15,8.2026347880236,5.03482004932452
9.18,8.19499825107892,5.08573142260865
9.21,8.2026347880236,5.02718334333191
9.24,8.20772581265338,5.01190993134667
9.27,8.19754376339381,5.01954663733929
9.3,8.21790786191294,5.01700106867508
9.33,8.20772581265338,5.02718334333191
9.36,8.20518030033849,5.02209220600349
9.39,8.20008927570871,5.01700106867508
9.42,8.21027132496827,5.00681879401826
9.45,8.22299888654273,4.99918208802563
9.48,8.2026347880236,5.03736561798873
9.51,8.21027132496827,5.02209220600349
9.54,8.20518030033849,5.02718334333191
9.57,8.19245273876404,5.01954663733929
9.6,8.21536234959806,5.01954663733929
9.63,8.22808991117251,5.07809471661604
9.66,8.20008927570871,5.01445550001088
9.69,8.19245273876404,5.01445550001088
9.72,8.17717966487468,5.02209220600349
9.75,8.16954312793001,5.08064028528024
9.78,8.20518030033849,4.99154538203302
9.81,8.20772581265338,4.99918208802563
9.84,8.21536234959806,5.00172765668984
9.87,8.20518030033849,5.07045801062341
9.9,8.20772581265338,5.07809471661604
9.93,8.20518030033849,5.08318585394444
9.96,8.21790786191294,5.07300357928762
9.99,8.22554439885762,5.09082255993707
10.02,8.21281683728316,5.07554914795183
10.05,8.20518030033849,5.08064028528024
10.08,8.21027132496827,5.07045801062341
10.11,8.20518030033849,5.08064028528024
10.14,8.20772581265338,5.07300357928762
10.17,8.21536234959806,5.08064028528024
10.2,8.22808991117251,5.03736561798873
10.23,8.22299888654273,5.08827699127286
10.26,8.20772581265338,5.08573142260865
10.29,8.21281683728316,5.07045801062341
10.32,8.21536234959806,5.06791244195921
10.35,8.22808991117251,5.08064028528024
10.38,8.20772581265338,5.06027573596659
10.41,8.18990722644914,5.04500232398135
10.44,8.21790786191294,5.07809471661604
10.47,8.22808991117251,5.10864154058651
10.5,8.24845400969164,5.01954663733929
10.53,8.22808991117251,5.02718334333191
10.56,8.21536234959806,5.1060959719223
10.59,8.22045337422783,5.01954663733929
10.62,8.19499825107892,5.08318585394444
10.65,8.22299888654273,5.01700106867508
10.68,8.24336298506186,5.03991118665294
10.71,8.19245273876404,5.08064028528024
10.74,8.21281683728316,4.99918208802563
10.77,8.18990722644914,5.01954663733929
10.8,8.20772581265338,5.02972891199612
10.83,8.21281683728316,5.01190993134667
10.86,8.22299888654273,5.01954663733929
10.89,8.22299888654273,5.01954663733929
10.92,8.20518030033849,5.00172765668984
10.95,8.25354503432142,5.01954663733929
10.98,8.21281683728316,5.03227448066032
11.01,8.2026347880236,4.99918208802563
11.04,8.24336298506186,5.01954663733929
11.07,8.20008927570871,5.01700106867508
11.1,8.21790786191294,5.04245675531715
11.13,8.22554439885762,5.0246377746677
11.16,8.21536234959806,5.01954663733929
11.19,8.21790786191294,5.00681879401826
11.22,8.19245273876404,5.02972891199612
11.25,8.21281683728316,5.0246377746677
11.28,8.21790786191294,5.04500232398135
11.31,8.22299888654273,5.03991118665294
11.34,8.20772581265338,5.03736561798873
11.37,8.18990722644914,5.02972891199612
11.4,8.22045337422783,5.02718334333191
11.43,8.21790786191294,5.00936436268246
11.46,8.1720886402449,5.04245675531715
11.49,8.22045337422783,5.04754789264556
11.52,8.21536234959806,5.03227448066032
11.55,8.22299888654273,5.03227448066032
11.58,8.21536234959806,5.03736561798873
11.61,8.21536234959806,5.03227448066032
11.64,8.22299888654273,5.04754789264556
11.67,8.22554439885762,5.04245675531715
11.7,8.21027132496827,5.04245675531715
11.73,8.21281683728316,5.02718334333191
11.76,8.21281683728316,5.02972891199612
11.79,8.22299888654273,5.05009346130976
11.82,8.22045337422783,5.03227448066032
11.85,8.22045337422783,5.00936436268246
11.88,8.20772581265338,5.04754789264556
11.91,8.18481620181936,5.04754789264556
11.94,8.23318093580229,5.04500232398135
11.97,8.21536234959806,5.05263902997397
12,8.20008927570871,5.02718334333191
12.03,8.21027132496827,5.04245675531715
12.06,8.24336298506186,5.3071958963946
12.09,8.22554439885762,5.43701989826913
12.12,8.21536234959806,5.53884264483738
12.15,8.22299888654273,5.58466288079309
12.18,8.21281683728316,5.52611480151635
12.21,8.20772581265338,5.51338695819531
12.24,8.20772581265338,5.63302868541301
12.27,8.21281683728316,5.56684390014365
12.3,8.18227068950447,5.64066539140563
12.33,8.20772581265338,5.68139449003293
12.36,8.21281683728316,5.66102994071928
12.39,8.21790786191294,5.706850176675
12.42,8.22045337422783,5.71448688266761
12.45,8.22045337422783,5.68903119602555
12.48,8.21536234959806,5.80867292324325
12.51,8.21281683728316,5.74248813797389
12.54,8.22554439885762,5.80867292324325
12.57,8.21027132496827,5.79085394259381
12.6,8.17463415255979,5.706850176675
12.63,8.21281683728316,5.63811982274142
12.66,8.21027132496827,5.72212358866023
12.69,8.20772581265338,5.66612107804769
12.72,8.19499825107892,5.69666790201817
12.75,8.21281683728316,5.62284641075619
12.78,8.2026347880236,5.57448060613627
12.81,8.23318093580229,5.44465660426174
12.84,8.22299888654273,5.50320468353849
12.87,8.21027132496827,5.5897540181215
12.9,8.21027132496827,5.56429833147944
12.93,8.20518030033849,5.61520970476356
12.96,8.21790786191294,5.49556797754587
12.99,8.21281683728316,5.5490249194942
13.02,8.22808991117251,5.63557425407722
13.05,8.22808991117251,5.50065911487428
13.08,8.21027132496827,5.5872084494573
13.11,8.21027132496827,5.59229958678571
13.14,8.22808991117251,5.66357550938349
13.17,8.21281683728316,5.49811354621008
13.2,8.22045337422783,5.5057502522027
13.23,8.21536234959806,5.50065911487428
13.26,8.21536234959806,5.62030084209198
13.29,8.21536234959806,5.59739072411412
13.32,8.21790786191294,5.64575652873405
13.35,8.22554439885762,5.706850176675
13.38,8.22299888654273,5.75267041263071
13.41,8.20772581265338,5.6686666467119
13.44,8.20772581265338,5.61011856743516
13.47,8.21790786191294,5.65848437205508
13.5,8.22045337422783,5.69412233335397
13.53,8.20518030033849,5.72466915732444
13.56,8.22554439885762,5.67884892136873
13.59,8.20518030033849,5.75267041263071
13.62,8.22299888654273,5.63557425407722
13.65,8.21536234959806,5.69412233335397
13.68,8.23318093580229,5.76794382461595
13.71,8.22554439885762,5.60248186144253
13.74,8.21790786191294,5.79849064858642
13.77,8.21281683728316,5.77812609927278
13.8,8.22808991117251,5.85449315919896
13.83,8.23827196043208,5.75267041263071
13.86,8.21536234959806,5.76539825595174
13.89,8.21027132496827,5.79339951125801
13.92,8.20518030033849,5.76794382461595
13.95,8.22554439885762,5.8290374725569
13.98,8.22808991117251,5.68139449003293
14.01,8.19499825107892,5.706850176675
14.04,8.22299888654273,5.68648562736134
14.07,8.21027132496827,5.64575652873405
14.1,8.22554439885762,5.65593880339087
14.13,8.21790786191294,5.68394005869714
14.16,8.21790786191294,5.68139449003293
14.19,8.21790786191294,5.7093957453392
14.22,8.21536234959806,5.73485143198126
14.25,8.22808991117251,5.71957801999603
14.28,8.21027132496827,5.66357550938349
14.31,8.2026347880236,5.76794382461595
14.34,8.23318093580229,5.82394633522848
14.37,8.19499825107892,5.83667417854952
14.4,8.22808991117251,5.7501248439665
14.43,8.22045337422783,5.76794382461595
14.46,8.22299888654273,5.77812609927278
14.49,8.21790786191294,5.7475792753023
14.52,8.20772581265338,5.73994256930968
14.55,8.21027132496827,5.78576280526539
14.58,8.21790786191294,5.64830209739825
14.61,8.20772581265338,5.82394633522848
14.64,8.18990722644914,5.76794382461595
14.67,8.22045337422783,5.7475792753023
14.7,8.22045337422783,5.77048939328015
14.73,8.20008927570871,5.79849064858642
14.76,8.23572644811719,5.52866037018055
14.79,8.20772581265338,5.74248813797389
14.82,8.21790786191294,5.74503370663809
14.85,8.21790786191294,5.52866037018055
14.88,8.21281683728316,5.64575652873405
14.91,8.20772581265338,5.47774899689642
14.94,8.20772581265338,5.68648562736134
14.97,8.21536234959806,5.5897540181215
15,8.17463415255979,5.63811982274142
15.03,8.22808991117251,5.52356923285214
15.06,8.21536234959806,5.5057502522027
15.09,8.21281683728316,5.63048311674881
15.12,8.21281683728316,5.51084138953111
15.15,8.21027132496827,5.63302868541301
15.18,8.22299888654273,5.56175276281523
15.21,8.22299888654273,5.60757299877095
15.24,8.21027132496827,5.62284641075619
15.27,8.2611815712661,5.56684390014365
15.3,8.22045337422783,5.56175276281523
15.33,8.21536234959806,5.49556797754587
15.36,8.21790786191294,5.51338695819531
15.39,8.21790786191294,5.56429833147944
15.42,8.21790786191294,5.57448060613627
15.45,8.22299888654273,5.59229958678571
15.48,8.18227068950447,5.52611480151635
15.51,8.22808991117251,5.51084138953111
15.54,8.22554439885762,5.61266413609936
15.57,8.22045337422783,5.48793127155325
15.6,8.20518030033849,5.55920719415103
15.63,8.21027132496827,5.62539197942039
15.66,8.21536234959806,5.60757299877095
15.69,8.21281683728316,5.58211731212889
15.72,8.18481620181936,5.57448060613627
15.75,8.22808991117251,5.55411605682261
15.78,8.22554439885762,5.55157048815841
15.81,8.22299888654273,5.57448060613627
15.84,8.20772581265338,5.5872084494573
15.87,8.22554439885762,5.64321096006984
15.9,8.22299888654273,5.62030084209198
15.93,8.21027132496827,5.63302868541301
15.96,8.22808991117251,5.57702617480047
15.99,8.21027132496827,5.44974774159016
16.02,8.21790786191294,5.63048311674881
16.05,8.21281683728316,5.63302868541301
16.08,8.25354503432142,5.62539197942039
16.11,8.21790786191294,5.50320468353849
16.14,8.21027132496827,5.62539197942039
16.17,8.22045337422783,5.55411605682261
16.2,8.22045337422783,5.56429833147944
16.23,8.22299888654273,5.49302240888166
16.26,8.21281683728316,5.57193503747206
16.29,8.22808991117251,5.59993629277833
16.32,8.22045337422783,5.59484515544992
16.35,8.21027132496827,5.56175276281523
16.38,8.21790786191294,5.55920719415103
16.41,8.22299888654273,5.65084766606245
16.44,8.21790786191294,5.52611480151635
16.47,8.21027132496827,5.53884264483738
16.5,8.21027132496827,5.55920719415103
16.53,8.21027132496827,5.56429833147944
16.56,8.20772581265338,5.47520342823222
16.59,8.22808991117251,5.50065911487428
16.62,8.22299888654273,5.49302240888166
16.65,8.20772581265338,5.53629707617317
16.68,8.23827196043208,5.47011229090381
16.71,8.21281683728316,5.61011856743516
16.74,8.20772581265338,5.56175276281523
16.77,8.25863605895121,5.5490249194942
16.8,8.21281683728316,5.53884264483738
16.83,8.21536234959806,5.58211731212889
16.86,8.2306354234874,5.53120593884476
16.89,8.23827196043208,5.5490249194942
16.92,8.21027132496827,5.5490249194942
16.95,8.21281683728316,5.5490249194942
16.98,8.22299888654273,5.50065911487428
17.01,8.21281683728316,5.52102366418794
17.04,8.21790786191294,5.49556797754587
17.07,8.22808991117251,5.48029456556063
17.1,8.22554439885762,5.47265785956802
17.13,8.22299888654273,5.48284013422484
17.16,8.2306354234874,5.55157048815841
17.19,8.22299888654273,5.51084138953111
17.22,8.21027132496827,5.58211731212889
17.25,8.22808991117251,5.53629707617317
17.28,8.21790786191294,5.51593252685952
17.31,8.22554439885762,5.44211103559753
17.34,8.19754376339381,5.37083511299976
17.37,8.21536234959806,5.4268376236123
17.4,8.22045337422783,5.51338695819531
17.43,8.22299888654273,5.48029456556063
17.46,8.20518030033849,5.5057502522027
17.49,8.21790786191294,5.48538570288905
17.52,8.21790786191294,5.39119966231341
17.55,8.18990722644914,5.46502115357539
17.58,8.2306354234874,5.47265785956802
17.61,8.22045337422783,5.49811354621008
17.64,8.22299888654273,5.49556797754587
17.67,8.19499825107892,5.45229331025436
17.7,8.22808991117251,5.51847809552373
17.73,8.22554439885762,5.47011229090381
17.76,8.21790786191294,5.45993001624698
17.79,8.22045337422783,5.40392750563444
17.82,8.20518030033849,5.41920091761968
17.85,8.22045337422783,5.46247558491119
17.88,8.21790786191294,5.4675667222396
17.91,8.22554439885762,5.48538570288905
17.94,8.22299888654273,5.45993001624698
17.97,8.22045337422783,5.47265785956802
18,8.21790786191294,5.44465660426174
18.03,8.20772581265338,5.44465660426174
18.06,8.21536234959806,5.47011229090381
18.09,8.21027132496827,5.44465660426174
18.12,8.21536234959806,5.52866037018055
18.15,8.22299888654273,5.36574397567135
18.18,8.21027132496827,5.45738444758278
18.21,8.20772581265338,5.36065283834294
18.24,8.22808991117251,5.35301613235032
18.27,8.19245273876404,5.37338068166397
18.3,8.22808991117251,5.4293831922765
18.33,8.21536234959806,5.40647307429865
18.36,8.23572644811719,5.43956546693333
18.39,8.23318093580229,5.43447432960492
18.42,8.21536234959806,5.45738444758278
18.45,8.22045337422783,5.44974774159016
18.48,8.20772581265338,5.40138193697024
18.51,8.21027132496827,5.41156421162706
18.54,8.21281683728316,5.33519715170087
18.57,8.20518030033849,5.34283385769349
18.6,8.21790786191294,5.33265158303666
18.63,8.22808991117251,5.35047056368611
18.66,8.25099952200653,5.37847181899238
18.69,8.20772581265338,5.4242920549481
18.72,8.22045337422783,5.35301613235032
18.75,8.21536234959806,5.38101738765658
18.78,8.19754376339381,5.35556170101452
18.81,8.22554439885762,5.38101738765658
18.84,8.21027132496827,5.29701362173778
18.87,8.22554439885762,5.36065283834294
18.9,8.21790786191294,5.30210475906619
18.93,8.19499825107892,5.39119966231341
18.96,8.23318093580229,5.30210475906619
18.99,8.21536234959806,5.386108524985
19.02,8.21281683728316,5.34028828902928
19.05,8.21281683728316,5.386108524985
19.08,8.25863605895121,5.35810726967873
19.11,8.23572644811719,5.36828954433555
19.14,8.22808991117251,5.38865409364921
19.17,8.22808991117251,5.35047056368611
19.2,8.25863605895121,5.33265158303666
19.23,8.22299888654273,5.36065283834294
19.26,8.21536234959806,5.37847181899238
19.29,8.22045337422783,5.44465660426174
19.32,8.21281683728316,5.36574397567135
19.35,8.25863605895121,5.39119966231341
19.38,8.22299888654273,5.33774272036508
19.41,8.21790786191294,5.40138193697024
19.44,8.22045337422783,5.3453794263577
19.47,8.21790786191294,5.40138193697024
19.5,8.18990722644914,5.35047056368611
19.53,8.19499825107892,5.34283385769349
19.56,8.22808991117251,5.30974146505881
19.59,8.21281683728316,5.31737817105143
19.62,8.22554439885762,5.35047056368611
19.65,8.19754376339381,5.34283385769349
19.68,8.21536234959806,5.34792499502191
19.71,8.21281683728316,5.33265158303666
19.74,8.22808991117251,5.31737817105143
19.77,8.22045337422783,5.31228703372302
19.8,8.2026347880236,5.32756044570825
19.83,8.21027132496827,5.33774272036508
19.86,8.20518030033849,5.32756044570825
19.89,8.21281683728316,5.33774272036508
19.92,8.22808991117251,5.35556170101452
19.95,8.22299888654273,5.31737817105143
19.98,8.20772581265338,5.30210475906619
20.01,8.21536234959806,5.32246930837984
20.04,8.22045337422783,5.33519715170087
20.07,8.22299888654273,5.3453794263577
20.1,8.22045337422783,5.39629079964183
20.13,8.20772581265338,5.34283385769349
20.16,8.22554439885762,5.33519715170087
20.19,8.22808991117251,5.33774272036508
20.22,8.2306354234874,5.33265158303666
20.25,8.22808991117251,5.29701362173778
20.28,8.22554439885762,5.34028828902928
20.31,8.23572644811719,5.30974146505881
20.34,8.23318093580229,5.32501487704405
20.37,8.22554439885762,5.33010601437246
20.4,8.22045337422783,5.33774272036508
20.43,8.23318093580229,5.23591997379683
20.46,8.23318093580229,5.3453794263577
20.49,8.25099952200653,5.35301613235032
20.52,8.22808991117251,5.27410350375992
20.55,8.21790786191294,5.32756044570825
20.58,8.21790786191294,5.28428577841674
20.61,8.22045337422783,5.30974146505881
20.64,8.20008927570871,5.33774272036508
20.67,8.23318093580229,5.30210475906619
20.7,8.22299888654273,5.31483260238722
20.73,8.22554439885762,5.28428577841674
20.76,8.22554439885762,5.31228703372302
20.79,8.23318093580229,5.31228703372302
20.82,8.22554439885762,5.32246930837984
20.85,8.22808991117251,5.28683134708096
20.88,8.22299888654273,5.31228703372302
20.91,8.22554439885762,5.3071958963946
20.94,8.22808991117251,5.31737817105143
20.97,8.22045337422783,5.31483260238722
21,8.21790786191294,5.30974146505881
21.03,8.22299888654273,5.29192248440936
21.06,8.24336298506186,5.32501487704405
21.09,8.21281683728316,5.3071958963946
21.12,8.23318093580229,5.31483260238722
21.15,8.24845400969164,5.33519715170087
21.18,8.22554439885762,5.33774272036508
21.21,8.21281683728316,5.33519715170087
21.24,8.21281683728316,5.33265158303666
21.27,8.20772581265338,5.31992373971563
21.3,8.23318093580229,5.32756044570825
21.33,8.22299888654273,5.34792499502191
21.36,8.22299888654273,5.23846554246103
21.39,8.20518030033849,5.30210475906619
21.42,8.22808991117251,5.27155793509571
21.45,8.22808991117251,5.29446805307357
21.48,8.22299888654273,5.33265158303666
21.51,8.22554439885762,5.25373895444627
21.54,8.20008927570871,5.24355667978944
21.57,8.21281683728316,5.31992373971563
21.6,8.23318093580229,5.24864781711786
21.63,8.21536234959806,5.29446805307357
21.66,8.23318093580229,5.27155793509571
21.69,8.22808991117251,5.28937691574516
21.72,8.18227068950447,5.31228703372302
21.75,8.23827196043208,5.29701362173778
21.78,8.23572644811719,5.2664667977673
21.81,8.22808991117251,5.17228075719166
21.84,8.22808991117251,5.27664907242413
21.87,8.22045337422783,5.31737817105143
21.9,8.2611815712661,5.31992373971563
21.93,8.22554439885762,5.30974146505881
21.96,8.23827196043208,5.30210475906619
21.99,8.22299888654273,5.29446805307357
22.02,8.22808991117251,5.30974146505881
22.05,8.23318093580229,5.2664667977673
22.08,8.23318093580229,5.27410350375992
22.11,8.22554439885762,5.30210475906619
22.14,8.23572644811719,5.33010601437246
22.17,8.22554439885762,5.34792499502191
22.2,8.23318093580229,5.24864781711786
22.23,8.23572644811719,5.32756044570825
22.26,8.23318093580229,5.25373895444627
22.29,8.22554439885762,5.26901236643151
22.32,8.21027132496827,5.30974146505881
22.35,8.22808991117251,5.23591997379683
22.38,8.22299888654273,5.28174020975254
22.41,8.22045337422783,5.26901236643151
22.44,8.2306354234874,5.32756044570825
22.47,8.22299888654273,5.25119338578207
22.5,8.2306354234874,5.31228703372302
22.53,8.2306354234874,5.2639212291031
22.56,8.22808991117251,5.29701362173778
22.59,8.21027132496827,5.28937691574516
22.62,8.22554439885762,5.31737817105143
22.65,8.23318093580229,5.32246930837984
22.68,8.22554439885762,5.30210475906619
22.71,8.22299888654273,5.27155793509571
22.74,8.2306354234874,5.30210475906619
22.77,8.22554439885762,5.28937691574516
22.8,8.22299888654273,5.28428577841674
22.83,8.22808991117251,5.28174020975254
22.86,8.22808991117251,5.31228703372302
22.89,8.22299888654273,5.31737817105143
22.92,8.22299888654273,5.28937691574516
22.95,8.26372708358099,5.25119338578207
22.98,8.24336298506186,5.27155793509571
23.01,8.21790786191294,5.27919464108833
23.04,8.22554439885762,5.27919464108833
23.07,8.23572644811719,5.30974146505881
23.1,8.23318093580229,5.29701362173778
23.13,8.23572644811719,5.28174020975254
23.16,8.21790786191294,5.27919464108833
23.19,8.22808991117251,5.29701362173778
23.22,8.22554439885762,5.28428577841674
23.25,8.22808991117251,5.28937691574516
23.28,8.24336298506186,5.29192248440936
23.31,8.23318093580229,5.31483260238722
23.34,8.23827196043208,5.22573769914
23.37,8.22808991117251,5.27919464108833
23.4,8.22554439885762,5.29701362173778
23.43,8.23827196043208,5.27919464108833
23.46,8.21281683728316,5.28428577841674
23.49,8.24845400969164,5.31483260238722
23.52,8.22808991117251,5.28428577841674
23.55,8.23827196043208,5.29446805307357
23.58,8.2306354234874,5.24355667978944
23.61,8.22299888654273,5.27664907242413
23.64,8.22554439885762,5.28937691574516
23.67,8.19754376339381,5.28683134708096
23.7,8.21281683728316,5.29446805307357
23.73,8.23318093580229,5.27410350375992
23.76,8.23318093580229,5.32246930837984
23.79,8.23572644811719,5.29446805307357
23.82,8.22808991117251,5.29192248440936
23.85,8.24081747274696,5.32501487704405
23.88,8.23572644811719,5.25373895444627
23.91,8.22554439885762,5.3071958963946
23.94,8.22808991117251,5.27410350375992
23.97,8.22554439885762,5.25373895444627
24,8.23318093580229,5.28174020975254
24.03,8.23572644811719,5.25628452311047
24.06,8.21790786191294,5.24101111112524
24.09,8.23318093580229,5.25628452311047
24.12,8.21790786191294,5.25628452311047
24.15,8.22808991117251,5.2639212291031
24.18,8.23827196043208,5.24610224845365
24.21,8.22808991117251,5.23846554246103
24.24,8.24336298506186,5.27919464108833
24.27,8.22808991117251,5.2664667977673
24.3,8.23827196043208,5.30210475906619
24.33,8.22808991117251,5.37338068166397
24.36,8.20008927570871,5.25373895444627
24.39,8.25863605895121,5.24101111112524
24.42,8.22299888654273,5.36065283834294
24.45,8.21281683728316,5.28937691574516
24.48,8.24590849737675,5.26901236643151
24.51,8.22554439885762,5.28683134708096
24.54,8.22808991117251,5.25628452311047
24.57,8.22808991117251,5.28174020975254
24.6,8.21790786191294,5.27155793509571
24.63,8.22808991117251,5.27155793509571
24.66,8.22299888654273,5.25119338578207
24.69,8.2306354234874,5.33265158303666
24.72,8.24081747274696,5.28174020975254
24.75,8.27136362052567,5.2639212291031
24.78,8.22808991117251,5.23591997379683
24.81,8.24336298506186,5.27919464108833
24.84,8.22299888654273,5.28174020975254
24.87,8.22299888654273,5.20537314982635
24.9,8.22045337422783,5.2639212291031
24.93,8.22808991117251,5.23591997379683
24.96,8.2306354234874,5.24864781711786
24.99,8.18990722644914,5.24355667978944
25.02,8.24590849737675,5.25119338578207
25.05,8.22808991117251,5.25373895444627
25.08,8.21790786191294,5.27155793509571
25.11,8.22299888654273,5.2664667977673
25.14,8.20518030033849,5.25628452311047
25.17,8.2306354234874,5.28937691574516
25.2,8.22299888654273,5.29446805307357
25.23,8.2306354234874,5.27919464108833
25.26,8.23572644811719,5.22573769914
25.29,8.24081747274696,5.25628452311047
25.32,8.22808991117251,5.2664667977673
25.35,8.22554439885762,5.2664667977673
25.38,8.22808991117251,5.2664667977673
25.41,8.23318093580229,5.28428577841674
25.44,8.22808991117251,5.27919464108833
25.47,8.24081747274696,5.25883009177468
25.5,8.22554439885762,5.27664907242413
25.53,8.23827196043208,5.2664667977673
25.56,8.24845400969164,5.28428577841674
25.59,8.24081747274696,5.25119338578207
25.62,8.23827196043208,5.2639212291031
25.65,8.23827196043208,5.28174020975254
25.68,8.22808991117251,5.27155793509571
25.71,8.22299888654273,5.27410350375992
25.74,8.23572644811719,5.24864781711786
25.77,8.22808991117251,5.23846554246103
25.8,8.23318093580229,5.22828326780421
25.83,8.22299888654273,5.26137566043889
25.86,8.22808991117251,5.25373895444627
25.89,8.2306354234874,5.23337440513262
25.92,8.22554439885762,5.25628452311047
25.95,8.22299888654273,5.25883009177468
25.98,8.2306354234874,5.26137566043889
26.01,8.23318093580229,5.24610224845365
26.04,8.24336298506186,5.25628452311047
26.07,8.23572644811719,5.22573769914
26.1,8.2306354234874,5.27155793509571
26.13,8.19499825107892,5.26137566043889
26.16,8.24590849737675,5.2664667977673
26.19,8.22299888654273,5.24610224845365
26.22,8.22299888654273,5.26137566043889
26.25,8.22299888654273,5.23337440513262
26.28,8.20772581265338,5.25628452311047
26.31,8.23827196043208,5.25628452311047
26.34,8.22554439885762,5.25883009177468
26.37,8.2306354234874,5.24101111112524
26.4,8.23318093580229,5.27919464108833
26.43,8.23318093580229,5.23591997379683
26.46,8.24081747274696,5.25628452311047
26.49,8.22299888654273,5.25373895444627
26.52,8.2306354234874,5.25119338578207
26.55,8.22808991117251,5.24355667978944
26.58,8.25099952200653,5.23337440513262
26.61,8.21536234959806,5.25628452311047
26.64,8.2306354234874,5.23846554246103
26.67,8.23572644811719,5.25119338578207
26.7,8.2306354234874,5.2664667977673
26.73,8.25354503432142,5.25119338578207
26.76,8.21790786191294,5.25119338578207
26.79,8.2306354234874,5.23337440513262
26.82,8.23572644811719,5.2664667977673
26.85,8.22554439885762,5.24355667978944
26.88,8.22554439885762,5.23082883646841
26.91,8.2026347880236,5.23082883646841
26.94,8.24336298506186,5.25883009177468
26.97,8.23827196043208,5.20791871849055
27,8.21027132496827,5.28937691574516
27.03,8.23572644811719,5.24610224845365
27.06,8.23318093580229,5.25628452311047
27.09,8.22808991117251,5.27919464108833
27.12,8.24336298506186,5.24355667978944
27.15,8.22808991117251,5.2639212291031
27.18,8.2306354234874,5.26901236643151
27.21,8.21027132496827,5.25119338578207
27.24,8.24081747274696,5.25628452311047
27.27,8.22808991117251,5.25119338578207
27.3,8.23827196043208,5.27664907242413
27.33,8.24590849737675,5.25628452311047
27.36,8.2306354234874,5.24864781711786
27.39,8.24336298506186,5.27664907242413
27.42,8.20518030033849,5.27155793509571
27.45,8.22554439885762,5.24610224845365
27.48,8.22045337422783,5.27664907242413
27.51,8.21536234959806,5.25373895444627
27.54,8.22299888654273,5.20791871849055
27.57,8.24336298506186,5.33010601437246
27.6,8.23318093580229,5.20791871849055
27.63,8.23318093580229,5.24101111112524
27.66,8.23572644811719,5.23591997379683
27.69,8.24336298506186,5.25119338578207
27.72,8.23572644811719,5.27155793509571
27.75,8.21790786191294,5.26137566043889
27.78,8.22554439885762,5.26137566043889
27.81,8.2306354234874,5.24355667978944
27.84,8.23572644811719,5.27410350375992
27.87,8.2306354234874,5.25883009177468
27.9,8.21281683728316,5.26901236643151
27.93,8.23318093580229,5.26137566043889
27.96,8.21536234959806,5.2639212291031
27.99,8.23318093580229,5.27155793509571
28.02,8.2306354234874,5.27155793509571
28.05,8.23827196043208,5.30210475906619
28.08,8.23572644811719,5.2664667977673
28.11,8.23572644811719,5.30210475906619
28.14,8.23318093580229,5.27410350375992
28.17,8.21790786191294,5.21046428715476
28.2,8.2611815712661,5.23082883646841
28.23,8.25099952200653,5.24864781711786
28.26,8.20518030033849,5.25373895444627
28.29,8.22554439885762,5.21810099314738
28.32,8.24845400969164,5.24610224845365
28.35,8.22554439885762,5.25119338578207
28.38,8.20008927570871,5.25373895444627
28.41,8.25609054663631,5.24864781711786
28.44,8.21281683728316,5.27410350375992
28.47,8.2306354234874,5.26901236643151
28.5,8.23318093580229,5.25119338578207
28.53,8.2306354234874,5.24355667978944
28.56,8.22045337422783,5.23337440513262
28.59,8.23318093580229,5.23846554246103
28.62,8.22808991117251,5.23846554246103
28.65,8.23572644811719,5.23337440513262
28.68,8.24336298506186,5.25628452311047
28.71,8.22045337422783,5.20791871849055
28.74,8.22299888654273,5.2664667977673
28.77,8.22808991117251,5.25628452311047
28.8,8.23318093580229,5.26901236643151
28.83,8.22808991117251,5.25628452311047
28.86,8.23827196043208,5.27410350375992
28.89,8.21281683728316,5.2639212291031
28.92,8.23827196043208,5.24610224845365
28.95,8.2306354234874,5.27410350375992
28.98,8.23318093580229,5.22319213047579
29.01,8.22554439885762,5.21810099314738
29.04,8.2026347880236,5.22828326780421
29.07,8.22299888654273,5.28683134708096
29.1,8.24336298506186,5.24864781711786
29.13,8.2306354234874,5.22573769914
29.16,8.21536234959806,5.24355667978944
29.19,8.22808991117251,5.24101111112524
29.22,8.2306354234874,5.18755416917691
29.25,8.19754376339381,5.21300985581897
29.28,8.24336298506186,5.23591997379683
29.31,8.26881810821077,5.13918836455699
29.34,8.22808991117251,5.06282130463079
29.37,8.27645464515544,5.20282758116214
29.4,8.23318093580229,5.17482632585588
29.43,8.24845400969164,5.20537314982635
29.46,8.2306354234874,5.26137566043889
29.49,8.22299888654273,5.24101111112524
29.52,8.23827196043208,5.21300985581897
29.55,8.24336298506186,5.21810099314738
29.58,8.24336298506186,5.24355667978944
29.61,8.23827196043208,5.22319213047579
29.64,8.23827196043208,5.25119338578207
29.67,8.23572644811719,5.20537314982635
29.7,8.24081747274696,5.20537314982635
29.73,8.27390913284055,5.23082883646841
29.76,8.24081747274696,5.27919464108833
29.79,8.21790786191294,5.21300985581897
29.82,8.23318093580229,5.25883009177468
29.85,8.24336298506186,5.23337440513262
29.88,8.2306354234874,5.23846554246103
29.91,8.2306354234874,5.22573769914
29.94,8.24336298506186,5.20791871849055
29.97,8.20772581265338,5.20537314982635
30,8.23318093580229,5.23082883646841
30.03,8.23318093580229,5.23082883646841
30.06,8.22808991117251,5.22064656181158
30.09,8.23318093580229,5.22064656181158
30.12,8.22045337422783,5.19264530650532
30.15,8.20772581265338,5.20282758116214
30.18,8.23318093580229,5.1850086005127
30.21,8.2306354234874,5.22064656181158
30.24,8.24590849737675,5.23846554246103
30.27,8.24845400969164,5.24610224845365
30.3,8.28409118210012,5.23082883646841
30.33,8.23318093580229,5.20791871849055
30.36,8.23318093580229,5.1850086005127
30.39,8.24081747274696,5.19519087516952
30.42,8.22554439885762,5.19519087516952
30.45,8.2306354234874,5.20028201249794
30.48,8.24590849737675,5.20791871849055
30.51,8.22299888654273,5.21810099314738
30.54,8.23572644811719,5.22064656181158
30.57,8.26372708358099,5.21555542448318
30.6,8.22808991117251,5.17991746318429
30.63,8.22554439885762,5.20028201249794
30.66,8.22808991117251,5.19264530650532
30.69,8.23827196043208,5.17228075719166
30.72,8.21536234959806,5.19264530650532
30.75,8.22554439885762,5.21555542448318
30.78,8.2306354234874,5.17482632585588
30.81,8.23318093580229,5.15700734520643
30.84,8.22299888654273,5.17482632585588
30.87,8.21790786191294,5.20791871849055
30.9,8.24081747274696,5.16464405119905
30.93,8.24845400969164,5.21300985581897
30.96,8.22045337422783,5.16718961986326
30.99,8.23318093580229,5.11882381524333
31.02,8.24336298506186,5.13409722722857
31.05,8.24590849737675,5.19009973784111
31.08,8.24590849737675,5.21046428715476
31.11,8.23572644811719,5.1468250705496
31.14,8.23827196043208,5.1442795018854
31.17,8.22808991117251,5.20282758116214
31.2,8.24336298506186,5.20537314982635
31.23,8.24336298506186,5.21810099314738
31.26,8.24081747274696,5.20791871849055
31.29,8.22808991117251,5.15191620787802
31.32,8.2306354234874,5.13155165856437
31.35,8.22554439885762,5.17482632585588
31.38,8.20518030033849,5.20282758116214
31.41,8.22808991117251,5.1060959719223
31.44,8.22299888654273,5.17482632585588
31.47,8.2306354234874,5.18755416917691
31.5,8.24081747274696,5.18246303184849
31.53,8.22808991117251,5.22573769914
31.56,8.25099952200653,5.18755416917691
31.59,8.23318093580229,5.20282758116214
31.62,8.24336298506186,5.18246303184849
31.65,8.23572644811719,5.17482632585588
31.68,8.24081747274696,5.17482632585588
31.71,8.24081747274696,5.17482632585588
31.74,8.24845400969164,5.19264530650532
31.77,8.22808991117251,5.21810099314738
31.8,8.23827196043208,5.21046428715476
31.83,8.2306354234874,5.21810099314738
31.86,8.22554439885762,5.20537314982635
31.89,8.24590849737675,5.18755416917691
31.92,8.22554439885762,5.15700734520643
31.95,8.24081747274696,5.19264530650532
31.98,8.23572644811719,5.11882381524333
32.01,8.2306354234874,5.11373267791492
32.04,8.23318093580229,5.12900608990016
32.07,8.23318093580229,5.1442795018854
32.1,8.23827196043208,5.15446177654222
32.13,8.24336298506186,5.07045801062341
32.16,8.23572644811719,5.17991746318429
32.19,8.24336298506186,5.15700734520643
32.22,8.22808991117251,5.15446177654222
32.25,8.2611815712661,5.17482632585588
32.28,8.23827196043208,5.19264530650532
32.31,8.25609054663631,5.19773644383373
32.34,8.23827196043208,5.12900608990016
32.37,8.25863605895121,5.22064656181158
32.4,8.23318093580229,5.21046428715476
32.43,8.24845400969164,5.16973518852746
32.46,8.24590849737675,5.22573769914
32.49,8.24590849737675,5.21810099314738
32.52,8.22808991117251,5.20028201249794
32.55,8.23318093580229,5.19009973784111
32.58,8.24590849737675,5.17737189452008
32.61,8.24336298506186,5.15700734520643
32.64,8.24590849737675,5.21300985581897
32.67,8.23572644811719,5.20282758116214
32.7,8.24590849737675,5.21555542448318
32.73,8.24081747274696,5.12391495257175
32.76,8.24336298506186,5.11118710925071
32.79,8.23318093580229,5.13918836455699
32.82,8.22554439885762,5.15700734520643
32.85,8.24336298506186,5.11373267791492
32.88,8.24081747274696,5.11882381524333
32.91,8.2306354234874,5.12391495257175
32.94,8.2306354234874,5.19519087516952
32.97,8.23572644811719,5.13409722722857
33,8.23318093580229,5.16973518852746
33.03,8.24845400969164,5.19519087516952
33.06,8.22299888654273,5.22828326780421
33.09,8.25099952200653,5.17482632585588
33.12,8.2306354234874,5.21555542448318
33.15,8.24590849737675,5.02718334333191
33.18,8.24590849737675,5.15191620787802
33.21,8.23827196043208,5.1442795018854
33.24,8.2306354234874,5.16718961986326
33.27,8.24845400969164,5.24355667978944
33.3,8.24336298506186,5.15191620787802
33.33,8.22299888654273,5.12900608990016
33.36,8.23572644811719,5.25883009177468
33.39,8.23318093580229,5.21555542448318
33.42,8.23318093580229,5.19009973784111
33.45,8.2026347880236,5.17991746318429
33.48,8.21790786191294,5.18246303184849
33.51,8.22554439885762,5.23846554246103
33.54,8.2306354234874,5.22573769914
33.57,8.2306354234874,5.24355667978944
33.6,8.23572644811719,5.17737189452008
33.63,8.23827196043208,5.23846554246103
33.66,8.24590849737675,5.14937063921381
33.69,8.2306354234874,5.27410350375992
33.72,8.24590849737675,5.21046428715476
33.75,8.23827196043208,5.19773644383373
33.78,8.24590849737675,5.21810099314738
33.81,8.23572644811719,5.18246303184849
33.84,8.23827196043208,5.22828326780421
33.87,8.22299888654273,5.17228075719166
33.9,8.23318093580229,5.16718961986326
33.93,8.25099952200653,5.18755416917691
33.96,8.2306354234874,5.23337440513262
33.99,8.23318093580229,4.89990491012159
34.02,8.24336298506186,5.19519087516952
34.05,8.24081747274696,5.19773644383373
34.08,8.22299888654273,5.22319213047579
34.11,8.23318093580229,5.16973518852746
34.14,8.23572644811719,5.13409722722857
34.17,8.24081747274696,5.14173393322119
34.2,8.23572644811719,5.15191620787802
34.23,8.24336298506186,5.15955291387063
34.26,8.24336298506186,5.17482632585588
34.29,8.24336298506186,5.19519087516952
34.32,8.24590849737675,5.20537314982635
34.35,8.22045337422783,5.19009973784111
34.38,8.23827196043208,5.16464405119905
34.41,8.21536234959806,5.1468250705496
34.44,8.2306354234874,5.19773644383373
34.47,8.24336298506186,5.15955291387063
34.5,8.24590849737675,5.19009973784111
34.53,8.23827196043208,5.16464405119905
34.56,8.24845400969164,5.17482632585588
34.59,8.23572644811719,5.11627824657913
34.62,8.22045337422783,5.16209848253484
34.65,8.24081747274696,5.17991746318429
34.68,8.22045337422783,5.16464405119905
34.71,8.22299888654273,5.11118710925071
34.74,8.19499825107892,5.22319213047579
34.77,8.2306354234874,5.18755416917691
34.8,8.27900015747034,5.21046428715476
34.83,8.24590849737675,5.15446177654222
34.86,8.20518030033849,5.19264530650532
34.89,8.22299888654273,5.12391495257175
34.92,8.2026347880236,5.15700734520643
34.95,8.23318093580229,5.19009973784111
34.98,8.23318093580229,5.20282758116214
35.01,8.23572644811719,5.15955291387063
35.04,8.2306354234874,5.13409722722857
35.07,8.22554439885762,5.19264530650532
35.1,8.23827196043208,5.17482632585588
35.13,8.23827196043208,5.14937063921381
35.16,8.23827196043208,5.13918836455699
35.19,8.26881810821077,5.11118710925071
35.22,8.22808991117251,5.16973518852746
35.25,8.2306354234874,5.13155165856437
35.28,8.24081747274696,5.12900608990016
35.31,8.24336298506186,5.1850086005127
35.34,8.20008927570871,5.15700734520643
35.37,8.2306354234874,5.13664279589278
35.4,8.23572644811719,5.18755416917691
35.43,8.24590849737675,5.17228075719166
35.46,8.24336298506186,5.14937063921381
35.49,8.20518030033849,5.16464405119905
35.52,8.24081747274696,5.21046428715476
35.55,8.24081747274696,5.16718961986326
35.58,8.22554439885762,5.17228075719166
35.61,8.24590849737675,5.13918836455699
35.64,8.2026347880236,5.10100483459389
35.67,8.2306354234874,5.14937063921381
35.7,8.23318093580229,5.18755416917691
35.73,8.27136362052567,5.12391495257175
35.76,8.23827196043208,5.17737189452008
35.79,8.23572644811719,5.17228075719166
35.82,8.23827196043208,5.16209848253484
35.85,8.23318093580229,5.12391495257175
35.88,8.25863605895121,5.10100483459389
35.91,8.23318093580229,5.15191620787802
35.94,8.23827196043208,5.1442795018854
35.97,8.25099952200653,5.14173393322119
36,8.22808991117251,5.15191620787802
36.03,8.24845400969164,5.11882381524333
36.06,8.23572644811719,5.12391495257175
36.09,8.23318093580229,5.11118710925071
36.12,8.24845400969164,4.87954036080794
36.15,8.24081747274696,5.13918836455699
36.18,8.21790786191294,5.12391495257175
36.21,8.23318093580229,4.89226820412897
36.24,8.23827196043208,5.18755416917691
36.27,8.23827196043208,5.16464405119905
36.3,8.24590849737675,5.15446177654222
36.33,8.24081747274696,5.21810099314738
36.36,8.24590849737675,5.15191620787802
36.39,8.24845400969164,5.17737189452008
36.42,8.24336298506186,5.12900608990016
36.45,8.24081747274696,5.12900608990016
36.48,8.23827196043208,5.00172765668984
36.51,8.27390913284055,5.13918836455699
36.54,8.25099952200653,5.12136938390754
36.57,8.23318093580229,5.13155165856437
36.6,8.23572644811719,5.12391495257175
36.63,8.23318093580229,5.12391495257175
36.66,8.22808991117251,5.13664279589278
36.69,8.23318093580229,5.13664279589278
36.72,8.23827196043208,5.19519087516952
36.75,8.23827196043208,5.1468250705496
36.78,8.23318093580229,5.12900608990016
36.81,8.22554439885762,5.13155165856437
36.84,8.23572644811719,5.14937063921381
36.87,8.22045337422783,5.1850086005127
36.9,8.23318093580229,5.17228075719166
36.93,8.22554439885762,5.1468250705496
36.96,8.24081747274696,5.15446177654222
36.99,8.2306354234874,5.08318585394444
37.02,8.23827196043208,5.1468250705496
37.05,8.24590849737675,5.13664279589278
37.08,8.22299888654273,5.11627824657913
37.11,8.22808991117251,5.11373267791492
37.14,8.23572644811719,5.11627824657913
37.17,8.23572644811719,5.12900608990016
37.2,8.24590849737675,5.09336812860127
37.23,8.2306354234874,5.09082255993707
37.26,8.21536234959806,5.07809471661604
37.29,8.24336298506186,5.07554914795183
37.32,8.24336298506186,5.11882381524333
37.35,8.23318093580229,5.1442795018854
37.38,8.23318093580229,5.13155165856437
37.41,8.24336298506186,5.13409722722857
37.44,8.27645464515544,5.11627824657913
37.47,8.23572644811719,5.1060959719223
37.5,8.24336298506186,5.09082255993707
37.53,8.23318093580229,5.13918836455699
37.56,8.23572644811719,5.1035504032581
37.59,8.22808991117251,5.09082255993707
37.62,8.24081747274696,5.10864154058651
37.65,8.25099952200653,5.05518459863818
37.68,8.21536234959806,5.03227448066032
37.71,8.23318093580229,5.05773016730238
37.74,8.24081747274696,5.09336812860127
37.77,8.25099952200653,5.11882381524333
37.8,8.23827196043208,5.11882381524333
37.83,8.24336298506186,5.09336812860127
37.86,8.25863605895121,5.06282130463079
37.89,8.24081747274696,5.05263902997397
37.92,8.24081747274696,5.065366873295
37.95,8.24590849737675,5.07045801062341
37.98,8.22808991117251,5.08064028528024
38.01,8.22045337422783,5.15191620787802
38.04,8.23572644811719,5.1035504032581
38.07,8.22299888654273,5.09845926592968
38.1,8.2306354234874,5.10864154058651
38.13,8.24081747274696,5.065366873295
38.16,8.23572644811719,5.08573142260865
38.19,8.2306354234874,5.08827699127286
38.22,8.23827196043208,5.08318585394444
38.25,8.24336298506186,5.1035504032581
38.28,8.2306354234874,5.1468250705496
38.31,8.23318093580229,5.11118710925071
38.34,8.23318093580229,5.13155165856437
38.37,8.2891822067299,5.09845926592968
38.4,8.24081747274696,5.06282130463079
38.43,8.23572644811719,5.12136938390754
38.46,8.23572644811719,5.1442795018854
38.49,8.23827196043208,5.07554914795183
38.52,8.24590849737675,5.07300357928762
38.55,8.24590849737675,5.12646052123596
38.58,8.24336298506186,5.1442795018854
38.61,8.24081747274696,5.08827699127286
38.64,8.24081747274696,5.11882381524333
38.67,8.20772581265338,5.03482004932452
38.7,8.25354503432142,5.09336812860127
38.73,8.22045337422783,5.09082255993707
38.76,8.24590849737675,5.05009346130976
38.79,8.23572644811719,5.09336812860127
38.82,8.20772581265338,5.07809471661604
38.85,8.24336298506186,5.10100483459389
38.88,8.23827196043208,5.09845926592968
38.91,8.24336298506186,5.09336812860127
38.94,8.2306354234874,5.09591369726548
38.97,8.23827196043208,5.12136938390754
39,8.22808991117251,5.14173393322119
39.03,8.22808991117251,5.09082255993707
39.06,8.23318093580229,5.09845926592968
39.09,8.23827196043208,5.09336812860127
39.12,8.24590849737675,5.07045801062341
39.15,8.2306354234874,5.09336812860127
39.18,8.23572644811719,5.08573142260865
39.21,8.25863605895121,5.09591369726548
39.24,8.23572644811719,5.1035504032581
39.27,8.24590849737675,5.09591369726548
39.3,8.23572644811719,5.12391495257175
39.33,8.23318093580229,5.12136938390754
39.36,8.23318093580229,5.15955291387063
39.39,8.2306354234874,5.13918836455699
39.42,8.2306354234874,5.02209220600349
39.45,8.21281683728316,5.08318585394444
39.48,8.25099952200653,5.12391495257175
39.51,8.25099952200653,5.10864154058651
39.54,8.22045337422783,5.09336812860127
39.57,8.22808991117251,5.1035504032581
39.6,8.25354503432142,5.1442795018854
39.63,8.24081747274696,5.17482632585588
39.66,8.23827196043208,5.11882381524333
39.69,8.22808991117251,5.11118710925071
39.72,8.27136362052567,5.12391495257175
39.75,8.24081747274696,5.15191620787802
39.78,8.25354503432142,5.12391495257175
39.81,8.24336298506186,5.13155165856437
39.84,8.21536234959806,5.1035504032581
39.87,8.23827196043208,5.1468250705496
39.9,8.22554439885762,5.10100483459389
39.93,8.23318093580229,5.1035504032581
39.96,8.27645464515544,5.08573142260865
